epoch,lr,train_loss,train_action_mse_error,val_loss,train_mean_score
0,3.3600000000000004e-05,0.3948309829990779,4464.19482421875,0.10825575888156891,0.13856559028931864
1,6.720000000000001e-05,0.08342436128961188,,,
2,9.99999997798095e-05,0.06966399975741903,,,
3,9.999959286831328e-05,0.062106962803573834,,,
4,9.999840913205527e-05,0.05981216529783394,,,
5,9.999644858942671e-05,0.0541369342910392,2961.81103515625,0.05446872115135193,
6,9.999371127088781e-05,0.052521937837203346,,,
7,9.999019721896725e-05,0.05015083862512949,,,
8,9.998590648826154e-05,0.04933171577396847,,,
9,9.998083914543413e-05,0.048916280280709976,,,
10,9.997499526921442e-05,0.04762493464208785,1910.782958984375,0.049601051956415176,
11,9.996837495039648e-05,0.046992868406786806,,,
12,9.996097829183773e-05,0.0450531913499747,,,
13,9.995280540845723e-05,0.04519539955072105,,,
14,9.994385642723401e-05,0.043980938471144156,,,
15,9.993413148720496e-05,0.04352931875646824,1849.1871337890625,0.044615406543016434,
16,9.992363073946283e-05,0.04303418075488437,,,
17,9.991235434715375e-05,0.04178909726795696,,,
18,9.990030248547477e-05,0.0417125490272329,,,
19,9.988747534167111e-05,0.0410089989392353,,,
20,9.987387311503325e-05,0.04018943464117391,1677.94775390625,0.043999966233968735,
21,9.985949601689381e-05,0.04001768866908692,,,
22,9.98443442706244e-05,0.04016101660783447,,,
23,9.982841811163187e-05,0.03841208277403244,,,
24,9.981171778735501e-05,0.03763061306173248,,,
25,9.979424355726039e-05,0.0364384652847158,1427.2303466796875,0.04376409202814102,
26,9.977599569283854e-05,0.037874249630563316,,,
27,9.975697447759963e-05,0.037293918464066725,,,
28,9.973718020706909e-05,0.03574651590592805,,,
29,9.971661318878296e-05,0.03688994815040912,,,
30,9.969527374228329e-05,0.035422678626630275,987.7479858398438,0.044670090079307556,
31,9.967316219911297e-05,0.03459318492206789,,,
32,9.965027890281067e-05,0.03418095398782974,,,
33,9.962662420890552e-05,0.0339754973926271,,,
34,9.960219848491153e-05,0.03429630019568971,,,
35,9.957700211032197e-05,0.034094941458620485,1013.23779296875,0.045675646513700485,
36,9.955103547660335e-05,0.03169289322215177,,,
37,9.952429898718946e-05,0.03335109379674707,,,
38,9.949679305747501e-05,0.032046950760386175,,,
39,9.946851811480921e-05,0.031727249368226955,,,
40,9.943947459848918e-05,0.030594142159402725,731.09912109375,0.04583555832505226,
41,9.940966295975304e-05,0.031571951339997,,,
42,9.937908366177293e-05,0.031195710014019693,,,
43,9.934773717964783e-05,0.03267099397323493,,,
44,9.931562400039622e-05,0.030873595082777597,,,
45,9.928274462294836e-05,0.028879657154902816,660.080810546875,0.04388117045164108,
46,9.924909955813875e-05,0.03126509062990192,,,
47,9.921468932869801e-05,0.02846436271820927,,,
48,9.917951446924485e-05,0.02945571273587467,,,
49,9.91435755262778e-05,0.029873258068359325,,,
50,9.910687305816657e-05,0.02975349514634304,561.949462890625,0.04356854408979416,0.7515575457511595
51,9.906940763514355e-05,0.028568172688773347,,,
52,9.903117983929484e-05,0.027701952417070668,,,
53,9.899219026455127e-05,0.02942492179239967,,,
54,9.895243951667907e-05,0.02827453939244151,,,
55,9.89119282132706e-05,0.028576916283262626,492.62628173828125,0.044554512947797775,
56,9.887065698373466e-05,0.02639917976644245,,,
57,9.882862646928672e-05,0.02684580595676033,,,
58,9.8785837322939e-05,0.028691603380831935,,,
59,9.874229020949027e-05,0.026934870369067148,,,
60,9.869798580551554e-05,0.02715178301912688,502.06158447265625,0.045839689671993256,
61,9.865292479935562e-05,0.026309139793738723,,,
62,9.86071078911063e-05,0.0270741957771991,,,
63,9.856053579260754e-05,0.025945037021301687,,,
64,9.851320922743243e-05,0.026850766812761623,,,
65,9.84651289308759e-05,0.025600589501361053,338.28411865234375,0.045750126242637634,
66,9.841629564994334e-05,0.025254862227787573,,,
67,9.836671014333898e-05,0.027224965720614863,,,
68,9.831637318145405e-05,0.025906401747349827,,,
69,9.826528554635492e-05,0.025238329400530175,,,
70,9.821344803177083e-05,0.025094064002457474,353.53448486328125,0.04634431377053261,
71,9.816086144308163e-05,0.025211524140710633,,,
72,9.810752659730527e-05,0.02506799255830369,,,
73,9.805344432308507e-05,0.024378064817505048,,,
74,9.799861546067688e-05,0.024361445707091617,,,
75,9.794304086193598e-05,0.02368059409560547,393.02252197265625,0.04879714176058769,
76,9.788672139030389e-05,0.023721872651506038,,,
77,9.782965792079495e-05,0.023649698788566247,,,
78,9.777185133998269e-05,0.02373296205907883,,,
79,9.77133025459861e-05,0.023441444816333906,,,
80,9.765401244845562e-05,0.02350722508327592,330.993408203125,0.049610305577516556,
81,9.759398196855912e-05,0.022785137873142958,,,
82,9.75332120389674e-05,0.02359236382125389,,,
83,9.747170360383992e-05,0.023871436737300383,,,
84,9.740945761880993e-05,0.02385413056306009,,,
85,9.734647505096979e-05,0.02267853163981012,244.78387451171875,0.04830847680568695,
86,9.72827568788558e-05,0.022213718920413936,,,
87,9.721830409243312e-05,0.022304656405356667,,,
88,9.715311769308031e-05,0.022638535110412965,,,
89,9.70871986935738e-05,0.02295275714381465,,,
90,9.702054811807215e-05,0.023132616038700298,303.7451477050781,0.04979883134365082,
91,9.695316700210013e-05,0.021644124716875098,,,
92,9.688505639253267e-05,0.022045436165561632,,,
93,9.681621734757854e-05,0.021989993102449392,,,
94,9.674665093676392e-05,0.021446583997679965,,,
95,9.667635824091585e-05,0.021940125213448135,266.4145202636719,0.05270274728536606,
96,9.660534035214537e-05,0.020763522762406086,,,
97,9.653359837383051e-05,0.020298846440190182,,,
98,9.646113342059929e-05,0.020316474258877514,,,
99,9.638794661831226e-05,0.020503202724891405,,,
100,9.631403910404509e-05,0.021235578510511135,226.24351501464844,0.05112819746136665,0.8365961496820361
101,9.623941202607085e-05,0.020959170108350616,,,
102,9.616406654384225e-05,0.020570055781198398,,,
103,9.608800382797356e-05,0.02011935587229562,,,
104,9.601122506022237e-05,0.021165815456437746,,,
105,9.593373143347141e-05,0.020503334141158985,187.84100341796875,0.054243303835392,
106,9.585552415170982e-05,0.01983670979583015,,,
107,9.577660443001457e-05,0.02014570279667775,,,
108,9.56969734945315e-05,0.019094134725275495,,,
109,9.561663258245635e-05,0.01894452609676158,,,
110,9.553558294201547e-05,0.01882823111788769,184.47889709472656,0.05382046103477478,
111,9.545382583244649e-05,0.019955308730935768,,,
112,9.537136252397867e-05,0.02001400391981449,,,
113,9.528819429781326e-05,0.01980691176972219,,,
114,9.520432244610351e-05,0.018656261331800903,,,
115,9.511974827193468e-05,0.019450003322812597,181.21139526367188,0.05587450787425041,
116,9.50344730893037e-05,0.018743326477262946,,,
117,9.494849822309886e-05,0.019650283083874023,,,
118,9.486182500907909e-05,0.017990825337446517,,,
119,9.477445479385337e-05,0.019045890771806063,,,
120,9.468638893485967e-05,0.020217385788869467,282.8900146484375,0.05377982184290886,
121,9.459762880034394e-05,0.018503864875085475,,,
122,9.450817576933879e-05,0.017806505830126947,,,
123,9.441803123164214e-05,0.01865120391483374,,,
124,9.432719658779561e-05,0.017734012882491306,,,
125,9.423567324906264e-05,0.018864829187458826,173.18849182128906,0.05748992785811424,
126,9.414346263740676e-05,0.018980469751460033,,,
127,9.40505661854694e-05,0.017457485789366598,,,
128,9.395698533654751e-05,0.01749346815493135,,,
129,9.386272154457141e-05,0.01795059456101929,,,
130,9.376777627408195e-05,0.0193371936107897,141.10928344726562,0.05547301843762398,
131,9.36721510002079e-05,0.018176560600598652,,,
132,9.357584720864296e-05,0.01779007882301119,,,
133,9.347886639562271e-05,0.01799665211001411,,,
134,9.338121006790135e-05,0.017242528819700793,,,
135,9.328287974272834e-05,0.017597278921000128,161.9896240234375,0.06003348156809807,
136,9.31838769478247e-05,0.01756121678322199,,,
137,9.308420322135946e-05,0.01807764192233749,,,
138,9.298386011192557e-05,0.017365274939774758,,,
139,9.288284917851598e-05,0.017289648492199678,,,
140,9.278117199049933e-05,0.018747671537788675,134.41619873046875,0.05559820309281349,
141,9.267883012759566e-05,0.01645583312659125,,,
142,9.257582517985178e-05,0.01686428456256787,,,
143,9.247215874761657e-05,0.01673917861245129,,,
144,9.236783244151621e-05,0.01772501655033834,,,
145,9.226284788242905e-05,0.017598575075334383,152.8465576171875,0.057461291551589966,
146,9.215720670146045e-05,0.017140241422956542,,,
147,9.205091053991751e-05,0.016182776670792095,,,
148,9.194396104928347e-05,0.01683359863957213,,,
149,9.18363598911921e-05,0.01721913953466962,,,
150,9.172810873740192e-05,0.015451710127914945,121.64566040039062,0.06094953790307045,0.8623396263717796
151,9.161920926977015e-05,0.016286463365845737,,,
152,9.150966318022662e-05,0.016708523112659652,,,
153,9.139947217074748e-05,0.016075647064662052,,,
154,9.128863795332878e-05,0.017349936250996376,,,
155,9.117716224995983e-05,0.01637366737815596,103.20873260498047,0.06235796585679054,
156,9.106504679259646e-05,0.016605854300515994,,,
157,9.095229332313411e-05,0.0167902185293358,,,
158,9.083890359338082e-05,0.015806128027006275,,,
159,9.072487936502991e-05,0.016386629198677838,,,
160,9.061022240963268e-05,0.01598700937271739,151.57354736328125,0.06262850016355515,
161,9.04949345085709e-05,0.016603286461239413,,,
162,9.037901745302905e-05,0.015722675276698454,,,
163,9.02624730439666e-05,0.015072506292545725,,,
164,9.014530309208993e-05,0.015533804020378739,,,
165,9.002750941782427e-05,0.015163718556453074,108.72764587402344,0.06679758429527283,
166,8.990909385128541e-05,0.01624410323953877,,,
167,8.979005823225117e-05,0.015362065534905664,,,
168,8.967040441013296e-05,0.01572817196193639,,,
169,8.955013424394695e-05,0.01625087348345135,,,
170,8.942924960228522e-05,0.015418401484133764,103.84588623046875,0.061359576880931854,
171,8.930775236328673e-05,0.015074790192080573,,,
172,8.918564441460812e-05,0.014856604174599938,,,
173,8.90629276533944e-05,0.014711226627696306,,,
174,8.893960398624947e-05,0.015077509989385448,,,
175,8.881567532920649e-05,0.01522360007012529,101.56864929199219,0.06852114945650101,
176,8.869114360769814e-05,0.015398137723206588,,,
177,8.856601075652668e-05,0.014923766305271004,,,
178,8.844027871983387e-05,0.015564546133169816,,,
179,8.83139494510708e-05,0.015161835361227748,,,
180,8.818702491296756e-05,0.015024504105981794,113.46006774902344,0.06639259308576584,
181,8.805950707750267e-05,0.014482775636549507,,,
182,8.79313979258725e-05,0.01525889015534804,,,
183,8.780269944846052e-05,0.013480660056562297,,,
184,8.767341364480623e-05,0.014690330110689891,,,
185,8.754354252357431e-05,0.015390806260430032,130.63853454589844,0.06859537214040756,
186,8.741308810252321e-05,0.014585208976530425,,,
187,8.728205240847396e-05,0.014536175804789223,,,
188,8.715043747727854e-05,0.014352569648984908,,,
189,8.701824535378839e-05,0.01288255980970072,,,
190,8.68854780918225e-05,0.013853485183235967,81.5823974609375,0.07313201576471329,
191,8.67521377541356e-05,0.013342212633385012,,,
192,8.661822641238609e-05,0.01443328658240803,,,
193,8.648374614710381e-05,0.014588538393755221,,,
194,8.634869904765783e-05,0.014569805696650985,,,
195,8.621308721222381e-05,0.013745762926105055,83.90467071533203,0.0676751583814621,
196,8.607691274775155e-05,0.014535707004445916,,,
197,8.594017776993219e-05,0.013749786261801742,,,
198,8.580288440316536e-05,0.014201774594507046,,,
199,8.566503478052617e-05,0.014411252055738476,,,
200,8.552663104373209e-05,0.013449121130785594,115.75345611572266,0.07044097781181335,0.9057074604160066
201,8.538767534310959e-05,0.014361891776345493,,,
202,8.524816983756083e-05,0.013700938927719281,,,
203,8.510811669453011e-05,0.014702344928602023,,,
204,8.496751808997011e-05,0.013771722838836944,,,
205,8.482637620830819e-05,0.014290995927738203,88.21206665039062,0.06716618686914444,
206,8.468469324241235e-05,0.013489266275428236,,,
207,8.454247139355726e-05,0.013089524496102794,,,
208,8.439971287139001e-05,0.013937925286535617,,,
209,8.425641989389572e-05,0.013850463715027132,,,
210,8.411259468736319e-05,0.01365432754114625,69.17182159423828,0.07010543346405029,
211,8.396823948635026e-05,0.01402951114799916,,,
212,8.382335653364908e-05,0.013852654485076311,,,
213,8.367794808025129e-05,0.012875817614951216,,,
214,8.3532016385313e-05,0.012968801526031234,,,
215,8.33855637161198e-05,0.014389871605782815,71.9747085571289,0.07255642861127853,
216,8.32385923480514e-05,0.012782269609271594,,,
217,8.309110456454635e-05,0.013079092047909009,,,
218,8.294310265706653e-05,0.013092229282760638,,,
219,8.279458892506162e-05,0.013240035900491335,,,
220,8.264556567593329e-05,0.012412971682525017,117.8575439453125,0.07451113313436508,
221,8.249603522499941e-05,0.012571066854954032,,,
222,8.234599989545802e-05,0.012781917100905307,,,
223,8.219546201835128e-05,0.012908238202466496,,,
224,8.204442393252925e-05,0.012679778408103934,,,
225,8.189288798461351e-05,0.013224807110548551,73.89608764648438,0.07406255602836609,
226,8.174085652896084e-05,0.0128761032052959,,,
227,8.15883319276264e-05,0.012513252967480747,,,
228,8.143531655032722e-05,0.012670253298156672,,,
229,8.128181277440538e-05,0.01163380226491773,,,
230,8.112782298479094e-05,0.01314994727588436,73.3314208984375,0.0821261778473854,
231,8.097334957396506e-05,0.012762928930377322,,,
232,8.081839494192264e-05,0.012481409291337644,,,
233,8.066296149613524e-05,0.012982862017538753,,,
234,8.050705165151346e-05,0.013031309185039607,,,
235,8.035066783036963e-05,0.011872630189394667,93.38782501220703,0.08123926818370819,
236,8.019381246238e-05,0.011277250000386544,,,
237,8.00364879845471e-05,0.012713311600410157,,,
238,7.987869684116184e-05,0.012797038810926356,,,
239,7.972044148376552e-05,0.012448690740192043,,,
240,7.956172437111175e-05,0.011980171083927243,92.96752166748047,0.08108477294445038,
241,7.94025479691283e-05,0.012314301721441248,,,
242,7.924291475087871e-05,0.012067184694820926,,,
243,7.908282719652391e-05,0.01186825739014672,,,
244,7.892228779328367e-05,0.011731402317915732,,,
245,7.876129903539798e-05,0.012212894209716026,59.95334243774414,0.07465065270662308,
246,7.85998634240883e-05,0.011176582831900478,,,
247,7.84379834675186e-05,0.011460226202394725,,,
248,7.827566168075659e-05,0.011547075451484748,,,
249,7.811290058573446e-05,0.012152761726784297,,,
250,7.794970271120976e-05,0.01161384904463332,59.50148010253906,0.08125266432762146,0.8396042414236408
251,7.778607059272615e-05,0.011886503710965848,,,
252,7.762200677257397e-05,0.011580230227471995,,,
253,7.74575137997507e-05,0.011898394462020536,,,
254,7.729259422992147e-05,0.012472406514765074,,,
255,7.712725062537924e-05,0.011502260131584037,88.09767150878906,0.07512692362070084,
256,7.696148555500507e-05,0.011702652732353835,,,
257,7.679530159422812e-05,0.012165345988857249,,,
258,7.662870132498577e-05,0.0104948971212642,,,
259,7.646168733568338e-05,0.011333737461384209,,,
260,7.62942622211541e-05,0.011635232787479513,57.23822784423828,0.07938558608293533,
261,7.612642858261862e-05,0.011756531385582917,,,
262,7.59581890276447e-05,0.01045194485673814,,,
263,7.578954617010667e-05,0.01193399503383608,,,
264,7.562050263014482e-05,0.011726105986218456,,,
265,7.545106103412469e-05,0.011192881237504827,56.96985626220703,0.07945641130208969,
266,7.528122401459625e-05,0.011005092456582048,,,
267,7.511099421025304e-05,0.010418996720718929,,,
268,7.494037426589113e-05,0.011202181667266857,,,
269,7.476936683236809e-05,0.011017647081254316,,,
270,7.45979745665617e-05,0.010489560403151526,50.29734802246094,0.07746163010597229,
271,7.442620013132877e-05,0.011646603379631415,,,
272,7.425404619546373e-05,0.009968215035596154,,,
273,7.408151543365715e-05,0.010609465655371813,,,
274,7.390861052645423e-05,0.010144859940434495,,,
275,7.373533416021312e-05,0.010652320211409546,47.55625915527344,0.08261557668447495,
276,7.356168902706317e-05,0.01153540629560926,,,
277,7.338767782486313e-05,0.01098912079829634,,,
278,7.32133032571592e-05,0.01109003834842172,,,
279,7.303856803314313e-05,0.012222059234599805,,,
280,7.286347486760998e-05,0.010598822427536583,44.20624542236328,0.08705338835716248,
281,7.268802648091604e-05,0.011323910957712326,,,
282,7.251222559893649e-05,0.010374039920168884,,,
283,7.233607495302319e-05,0.010502672122259225,,,
284,7.215957727996207e-05,0.010966811676986427,,,
285,7.198273532193072e-05,0.010286033145218556,63.364723205566406,0.08633041381835938,
286,7.180555182645574e-05,0.01068588474576938,,,
287,7.16280295463701e-05,0.010693703930536728,,,
288,7.145017123977029e-05,0.01055540056993431,,,
289,7.127197966997358e-05,0.010205763565387488,,,
290,7.109345760547495e-05,0.010721575019748084,46.87525177001953,0.07891394942998886,
291,7.091460781990421e-05,0.010452371304078648,,,
292,7.073543309198283e-05,0.010655320102592842,,,
293,7.055593620548077e-05,0.010601057131896682,,,
294,7.037611994917327e-05,0.011181536442433884,,,
295,7.019598711679748e-05,0.010759551944266562,41.29686737060547,0.08667527139186859,
296,7.001554050700909e-05,0.009745068031146989,,,
297,6.983478292333883e-05,0.010636770285643814,,,
298,6.965371717414888e-05,0.010550010504500409,,,
299,6.947234607258932e-05,0.00994527805180821,,,
300,6.929067243655432e-05,0.00994321448074299,45.80211639404297,0.0865144357085228,0.9902560890634078
301,6.910869908863846e-05,0.01018895350612833,,,
302,6.892642885609283e-05,0.009996386968331146,,,
303,6.874386457078109e-05,0.009559601746288882,,,
304,6.856100906913545e-05,0.010152552932378881,,,
305,6.83778651921127e-05,0.009683474873392177,45.68360137939453,0.08108754456043243,
306,6.819443578514998e-05,0.010263097749668219,,,
307,6.80107236981206e-05,0.00948998062328125,,,
308,6.782673178528975e-05,0.009388449100134451,,,
309,6.764246290527021e-05,0.010157508437433058,,,
310,6.745791992097787e-05,0.009866446212288878,46.49658203125,0.08522029966115952,
311,6.727310569958726e-05,0.009212897732920413,,,
312,6.708802311248703e-05,0.009605862873805953,,,
313,6.690267503523531e-05,0.00973765055615721,,,
314,6.67170643475151e-05,0.01009701068895603,,,
315,6.653119393308943e-05,0.009882838307281159,46.3175163269043,0.08754517138004303,
316,6.634506667975664e-05,0.009563148183154962,,,
317,6.615868547930541e-05,0.009149664242397108,,,
318,6.597205322747002e-05,0.009054819339542605,,,
319,6.578517282388512e-05,0.009733495651744306,,,
320,6.559804717204088e-05,0.008902297177839847,37.705501556396484,0.08602342009544373,
321,6.541067917923778e-05,0.009198397402152685,,,
322,6.522307175654143e-05,0.009511464835321974,,,
323,6.503522781873739e-05,0.00922207112862019,,,
324,6.484715028428588e-05,0.009963978554532375,,,
325,6.465884207527641e-05,0.008932117055380894,43.18815994262695,0.09378154575824738,
326,6.44703061173824e-05,0.009516148212631899,,,
327,6.428154533981572e-05,0.008858333023021086,,,
328,6.409256267528115e-05,0.009426841738223586,,,
329,6.390336105993087e-05,0.008858341108342367,,,
330,6.37139434333188e-05,0.0088278316349412,42.12537384033203,0.09176219254732132,
331,6.3524312738355e-05,0.009286027087087166,,,
332,6.33344719212598e-05,0.00887949814205058,,,
333,6.314442393151819e-05,0.009628560358015377,,,
334,6.29541717218339e-05,0.0089147006053411,,,
335,6.276371824808355e-05,0.009124619883507313,38.630470275878906,0.09617872536182404,
336,6.257306646927072e-05,0.008752987628603088,,,
337,6.238221934747996e-05,0.009514114804222203,,,
338,6.219117984783084e-05,0.009176871661717692,,,
339,6.19999509384318e-05,0.008143397778483285,,,
340,6.180853559033409e-05,0.008839485789177984,40.960121154785156,0.08897960931062698,
341,6.161693677748553e-05,0.008711073217758289,,,
342,6.142515747668442e-05,0.0088272260659973,,,
343,6.123320066753324e-05,0.00875873159384355,,,
344,6.104106933239226e-05,0.008704993972233274,,,
345,6.084876645633343e-05,0.008725353707892023,29.63848304748535,0.10367502272129059,
346,6.0656295027093755e-05,0.008661482340401216,,,
347,6.046365803502905e-05,0.009294063028868376,,,
348,6.027085847306737e-05,0.008427222712530888,,,
349,6.007789933666259e-05,0.0090429276121237,,,
350,5.988478362374785e-05,0.008471945892476166,31.0338134765625,0.09092587977647781,0.8925313203394261
351,5.96915143346889e-05,0.008771528695000424,,,
352,5.9498094472237594e-05,0.008135738171404228,,,
353,5.930452704148519e-05,0.008182131340228287,,,
354,5.911081504981562e-05,0.008529432494902895,,,
355,5.8916961506858815e-05,0.009024805802341905,27.511844635009766,0.10041532665491104,
356,5.872296942444398e-05,0.008526390650547996,,,
357,5.852884181655267e-05,0.00819029874401167,,,
358,5.833458169927217e-05,0.008550628876989885,,,
359,5.8140192090748394e-05,0.00855293202108615,,,
360,5.794567601113916e-05,0.008595899964261446,35.34760665893555,0.10002260655164719,
361,5.775103648256724e-05,0.00769512322343265,,,
362,5.755627652907336e-05,0.00875592422727052,,,
363,5.736139917656924e-05,0.008243782267007711,,,
364,5.7166407452790604e-05,0.008114857854144205,,,
365,5.697130438725009e-05,0.008123560505087621,33.785579681396484,0.09956562519073486,
366,5.6776093011190255e-05,0.007533766685463931,,,
367,5.6580776357536395e-05,0.007735997230546283,,,
368,5.6385357460849464e-05,0.008389084143952156,,,
369,5.6189839357278973e-05,0.008238259542156897,,,
370,5.5994225084515716e-05,0.008875563789929618,24.900001525878906,0.0974455252289772,
371,5.5798517681744663e-05,0.007576164657837667,,,
372,5.560272018959771e-05,0.008166714425897226,,,
373,5.540683565010643e-05,0.008022022136997077,,,
374,5.5210867106654804e-05,0.008665475054710572,,,
375,5.501481760393199e-05,0.00824675548522334,34.606388092041016,0.10733447223901749,
376,5.4818690187884935e-05,0.008125105008643697,,,
377,5.4622487905671126e-05,0.007822347660770728,,,
378,5.442621380561121e-05,0.008240552824212327,,,
379,5.4229870937141625e-05,0.008195649623216707,,,
380,5.403346235076727e-05,0.007550860673377645,23.293546676635742,0.10473355650901794,
381,5.383699109801403e-05,0.007828265583070572,,,
382,5.364046023138148e-05,0.007865175491176723,,,
383,5.3443872804295326e-05,0.00772790223154949,,,
384,5.324723187106008e-05,0.007123060549409794,,,
385,5.305054048681153e-05,0.00751478499123117,22.819583892822266,0.09828093647956848,
386,5.285380170746932e-05,0.007744072244912829,,,
387,5.2657018589689434e-05,0.007659992332004809,,,
388,5.2460194190816757e-05,0.008156565869631734,,,
389,5.226333156883753e-05,0.007606759189262188,,,
390,5.2066433782331824e-05,0.007908345547288522,22.140037536621094,0.10312220454216003,
391,5.1869503890426076e-05,0.008437368680634313,,,
392,5.1672544952745536e-05,0.007970915985338035,,,
393,5.147556002936672e-05,0.0072512009806121654,,,
394,5.1278552180769864e-05,0.007288798548480762,,,
395,5.1081524467791375e-05,0.006977073801819989,22.113346099853516,0.10438276082277298,
396,5.0884479951576335e-05,0.007022261149055946,,,
397,5.068742169353085e-05,0.007741142462085311,,,
398,5.049035275527453e-05,0.007544518424159226,,,
399,5.029327619859293e-05,0.006803495766473047,,,
400,5.0096195085389964e-05,0.007002584720058145,24.104537963867188,0.10990383476018906,0.9489776154062178
401,4.989911247764035e-05,0.007707468331015359,,,
402,4.970203143734201e-05,0.007282616426458671,,,
403,4.950495502646851e-05,0.007525830359164891,,,
404,4.9307886306921505e-05,0.007316103947925426,,,
405,4.911082834048316e-05,0.0076137417456179505,36.2163200378418,0.1055406704545021,
406,4.891378418876856e-05,0.007237125481229408,,,
407,4.871675691317815e-05,0.007573607155964488,,,
408,4.851974957485019e-05,0.00716352599487263,,,
409,4.832276523461317e-05,0.007177152424230285,,,
410,4.812580695293828e-05,0.006881733549692269,25.18364143371582,0.10332339257001877,
411,4.792887778989183e-05,0.007328656023240737,,,
412,4.773198080508776e-05,0.007325466026529847,,,
413,4.753511905764003e-05,0.006985145851060571,,,
414,4.733829560611515e-05,0.00680565803971452,,,
415,4.7141513508484623e-05,0.007143737075412424,16.883304595947266,0.11028431355953217,
416,4.694477582207749e-05,0.007279266276219417,,,
417,4.674808560353275e-05,0.0066051060642902965,,,
418,4.655144590875194e-05,0.006728608370481413,,,
419,4.635485979285161e-05,0.006420041175304158,,,
420,4.6158330310115896e-05,0.006525215633224607,23.69272804260254,0.10723240673542023,
421,4.596186051394901e-05,0.006692103172619162,,,
422,4.576545345682788e-05,0.006665327921620614,,,
423,4.5569112190254655e-05,0.0066622847669003974,,,
424,4.537283976470933e-05,0.0071382637820317455,,,
425,4.517663922960233e-05,0.006928450260255929,23.169410705566406,0.10619554668664932,
426,4.498051363322716e-05,0.007031287774831678,,,
427,4.478446602271302e-05,0.006756322520751772,,,
428,4.458849944397749e-05,0.006296141011435317,,,
429,4.4392616941679165e-05,0.0064506585608580195,,,
430,4.419682155917041e-05,0.006005851611483931,19.290752410888672,0.10932682454586029,
431,4.4001116338449997e-05,0.006291485813562758,,,
432,4.380550432011593e-05,0.006700508822437509,,,
433,4.360998854331815e-05,0.00628332193134286,,,
434,4.341457204571131e-05,0.0065527121408931206,,,
435,4.3219257863407636e-05,0.006479902431324479,15.415345191955566,0.11498081684112549,
436,4.302404903092968e-05,0.0061957420991911065,,,
437,4.2828948581163255e-05,0.006296562564481671,,,
438,4.263395954531023e-05,0.005926096160519158,,,
439,4.243908495284151e-05,0.006929925471749378,,,
440,4.2244327831449925e-05,0.006332661146492076,21.52288818359375,0.12019310891628265,
441,4.2049691207003204e-05,0.006642010013040688,,,
442,4.185517810349695e-05,0.006652426858809555,,,
443,4.166079154300769e-05,0.0063805176690775196,,,
444,4.146653454564588e-05,0.006116710530477576,,,
445,4.127241012950901e-05,0.006194494204551336,23.11615753173828,0.1170002669095993,
446,4.1078421310634704e-05,0.0060206572213376474,,,
447,4.088457110295387e-05,0.0064100495787681126,,,
448,4.069086251824385e-05,0.006126225258672743,,,
449,4.049729856608166e-05,0.00580431493428824,,,
450,4.03038822537972e-05,0.006253201112918933,22.25698471069336,0.12099654972553253,0.9356575189075
451,4.011061658642657e-05,0.006349081404983909,,,
452,3.991750456666532e-05,0.0062604077843605496,,,
453,3.972454919482187e-05,0.005996752703573466,,,
454,3.953175346877084e-05,0.005827791704740818,,,
455,3.9339120383906515e-05,0.006033086694688315,21.821016311645508,0.1161799505352974,
456,3.914665293309624e-05,0.005760063395081531,,,
457,3.895435410663401e-05,0.005763127970913913,,,
458,3.8762226892193956e-05,0.005859229670022614,,,
459,3.857027427478395e-05,0.005624656989571771,,,
460,3.837849923669917e-05,0.00561026102583301,22.990737915039062,0.11482466757297516,
461,3.818690475747587e-05,0.005842600046196908,,,
462,3.7995493813845e-05,0.005861046811332926,,,
463,3.780426937968596e-05,0.006048128423918527,,,
464,3.761323442598049e-05,0.005649615699353273,,,
465,3.7422391920766384e-05,0.005914163115362282,19.273603439331055,0.11349385231733322,
466,3.723174482909147e-05,0.005912427754776131,,,
467,3.704129611296749e-05,0.005756656339231302,,,
468,3.6851048731324115e-05,0.005616804025651488,,,
469,3.666100563996293e-05,0.005365669636549207,,,
470,3.64711697915116e-05,0.005788475837713729,16.281524658203125,0.12099863588809967,
471,3.6281544135377856e-05,0.0053269027065696375,,,
472,3.6092131617703816e-05,0.0056583661353215575,,,
473,3.5902935181320115e-05,0.005617140785380755,,,
474,3.571395776570023e-05,0.006139132124926185,,,
475,3.5525202306914754e-05,0.00572323262340866,22.258338928222656,0.12446451187133789,
476,3.533667173758588e-05,0.0054504347062902525,,,
477,3.514836898684175e-05,0.005376471489961702,,,
478,3.496029698027096e-05,0.005257727619859257,,,
479,3.477245863987713e-05,0.005140511956553729,,,
480,3.458485688403354e-05,0.005637986679045882,18.71821403503418,0.12265609204769135,
481,3.43974946274377e-05,0.005244443756445045,,,
482,3.42103747810661e-05,0.005443351417419589,,,
483,3.402350025212903e-05,0.0054252468364124765,,,
484,3.3836873944025356e-05,0.005442529457338553,,,
485,3.3650498756297437e-05,0.005177840888444777,14.137025833129883,0.12750770151615143,
486,3.346437758458606e-05,0.005791174711443351,,,
487,3.327851332058547e-05,0.005401193887034121,,,
488,3.309290885199843e-05,0.005681973733035626,,,
489,3.290756706249137e-05,0.0053184433664206325,,,
490,3.2722490831649565e-05,0.005304081759753726,14.94491195678711,0.12013842165470123,
491,3.253768303493241e-05,0.004918207137961872,,,
492,3.235314654362873e-05,0.004826667566833619,,,
493,3.21688842248122e-05,0.004839071532755736,,,
494,3.1984898941296764e-05,0.005421379256101015,,,
495,3.1801193551592176e-05,0.005389112844048733,14.848271369934082,0.1251353621482849,
496,3.161777090985959e-05,0.005156340464531067,,,
497,3.143463386586721e-05,0.004864338853318865,,,
498,3.1251785264946014e-05,0.0045123584010677105,,,
499,3.106922794794556e-05,0.004884151655243754,,,
500,3.088696475118982e-05,0.005028664977067993,12.208012580871582,0.13127785921096802,0.9039475163842642
501,3.070499850643314e-05,0.005192888707997987,,,
502,3.052333204081624e-05,0.004760633474991967,,,
503,3.0341968176822276e-05,0.005150158495997034,,,
504,3.0160909732233006e-05,0.004877571492605577,,,
505,2.9980159520085005e-05,0.0047484901404545995,14.242497444152832,0.1303826868534088,
506,2.9799720348625927e-05,0.0046459858366731735,,,
507,2.9619595021270942e-05,0.004701705148493472,,,
508,2.9439786336559116e-05,0.00508100541767254,,,
509,2.926029708810999e-05,0.005062179903255864,,,
510,2.9081130064580096e-05,0.004761098552123821,10.68964672088623,0.13226434588432312,
511,2.8902288049619746e-05,0.005291348934406415,,,
512,2.8723773821829635e-05,0.004821344431201439,,,
513,2.8545590154717848e-05,0.004674651706452659,,,
514,2.836773981665657e-05,0.004532746169605248,,,
515,2.819022557083927e-05,0.0044992731272941455,12.756145477294922,0.12971700727939606,
516,2.801305017523762e-05,0.004464201268135747,,,
517,2.7836216382558694e-05,0.004512462901835707,,,
518,2.7659726940202313e-05,0.004824256221278726,,,
519,2.7483584590218126e-05,0.0043493087820631144,,,
520,2.7307792069263234e-05,0.004735354144248136,11.699943542480469,0.12913139164447784,
521,2.7132352108559507e-05,0.004450983022079093,,,
522,2.6957267433851285e-05,0.004865039546746716,,,
523,2.6782540765362907e-05,0.004426219879644036,,,
524,2.660817481775656e-05,0.004619633411667088,,,
525,2.6434172300089975e-05,0.00433491743959686,10.162847518920898,0.1391817033290863,
526,2.62605359157745e-05,0.004203982397268105,,,
527,2.608726836253293e-05,0.004488771501374209,,,
528,2.5914372332357684e-05,0.004348326818130556,,,
529,2.574185051146903e-05,0.004530874490834928,,,
530,2.5569705580273196e-05,0.004232375918599289,10.068962097167969,0.1443304866552353,
531,2.5397940213320903e-05,0.004163508319401271,,,
532,2.5226557079265644e-05,0.00441690784715493,,,
533,2.5055558840822396e-05,0.004313417537126779,,,
534,2.4884948154726063e-05,0.004371007042382622,,,
535,2.4714727671690374e-05,0.003972767721972473,10.535614013671875,0.13324205577373505,
536,2.454490003636656e-05,0.004300488683275901,,,
537,2.4375467887302385e-05,0.0042511013660779485,,,
538,2.4206433856901016e-05,0.004339175985521814,,,
539,2.4037800571380297e-05,0.004328587753878396,,,
540,2.3869570650731748e-05,0.004116762921122634,12.262718200683594,0.1280158907175064,
541,2.3701746708680062e-05,0.004071370233196788,,,
542,2.3534331352642304e-05,0.004042122370308442,,,
543,2.336732718368757e-05,0.004441683160881179,,,
544,2.3200736796496425e-05,0.004376403709188924,,,
545,2.303456277932074e-05,0.00397512018458829,9.53693675994873,0.1347244828939438,
546,2.2868807713943345e-05,0.004479371703512568,,,
547,2.270347417563798e-05,0.003951432534363232,,,
548,2.2538564733129326e-05,0.004568315248997394,,,
549,2.2374081948552968e-05,0.004115672851358319,,,
550,2.221002837741576e-05,0.0036727359079772475,16.562740325927734,0.1431088000535965,0.9820011320298447
551,2.2046406568555937e-05,0.0039005333435073097,,,
552,2.18832190641037e-05,0.0040312442212044036,,,
553,2.1720468399441536e-05,0.004198106449274789,,,
554,2.1558157103165e-05,0.004114686061040543,,,
555,2.1396287697043248e-05,0.003973428731288074,10.3236083984375,0.14854314923286438,
556,2.1234862695980096e-05,0.004287531056823874,,,
557,2.107388460797468e-05,0.004026496327631841,,,
558,2.091335593408265e-05,0.0036491311634779863,,,
559,2.0753279168377332e-05,0.003823014897837614,,,
560,2.059365679791084e-05,0.004105243297609766,10.86972713470459,0.14243444800376892,
561,2.04344913026756e-05,0.003832951718885895,,,
562,2.027578515556568e-05,0.0040914473037922845,,,
563,2.011754082233849e-05,0.0038164618530399388,,,
564,1.9959760761576334e-05,0.003906197810595456,,,
565,1.9802447424648385e-05,0.004047095131162288,11.172924995422363,0.145710751414299,
566,1.9645603255672408e-05,0.00369762959079318,,,
567,1.9489230691476968e-05,0.003721301003159689,,,
568,1.933333216156341e-05,0.0035715350535437686,,,
569,1.9177910088068264e-05,0.0034983300280319305,,,
570,1.902296688572545e-05,0.003678098631748331,10.199515342712402,0.1512422114610672,
571,1.8868504961828942e-05,0.0037069061464059076,,,
572,1.8714526716195186e-05,0.003574969706061806,,,
573,1.8561034541125975e-05,0.0036565696573234163,,,
574,1.840803082137115e-05,0.0035125918977774702,,,
575,1.8255517934091642e-05,0.003597580228718774,8.600165367126465,0.15166600048542023,
576,1.81034982488225e-05,0.0036810202208081527,,,
577,1.795197412743603e-05,0.0036554714682833513,,,
578,1.780094792410525e-05,0.003508899184193329,,,
579,1.7650421985267102e-05,0.0032825686423512664,,,
580,1.7500398649586203e-05,0.0032816395815600465,8.86403751373291,0.1568053513765335,
581,1.735088024791834e-05,0.0028118884337822066,,,
582,1.7201869103274394e-05,0.003284634459262071,,,
583,1.705336753078412e-05,0.0033289465808636685,,,
584,1.6905377837660314e-05,0.0033921055823850025,,,
585,1.675790232316283e-05,0.003410759851422405,8.430610656738281,0.14835450053215027,
586,1.6610943278562978e-05,0.003184173479981144,,,
587,1.6464502987107823e-05,0.003541624885179945,,,
588,1.631858372398481e-05,0.0030837916852934064,,,
589,1.61731877562863e-05,0.003406491721328902,,,
590,1.602831734297448e-05,0.0032385140858379948,6.91273307800293,0.1534777581691742,
591,1.5883974734846135e-05,0.0032306338703381784,,,
592,1.5740162174497784e-05,0.003349008305078661,,,
593,1.55968818962908e-05,0.0032479430684318124,,,
594,1.545413612631662e-05,0.003389310316249196,,,
595,1.531192708236233e-05,0.0033447980860641805,6.324187278747559,0.1547890603542328,
596,1.5170256973876013e-05,0.0035927736070810908,,,
597,1.5029128001932585e-05,0.0032994146760237137,,,
598,1.4888542359199481e-05,0.003072454767832477,,,
599,1.4748502229902677e-05,0.003077278521058837,,,
600,1.4609009789792661e-05,0.0032676226214139853,7.999420642852783,0.16522225737571716,0.9483366715332672
601,1.4470067206110743e-05,0.0032719804048177877,,,
602,1.4331676637555258e-05,0.003157135499696735,,,
603,1.4193840234248157e-05,0.0032226838641994013,,,
604,1.405656013770147e-05,0.003043568787342381,,,
605,1.3919838480784153e-05,0.0029387767530611847,8.583395004272461,0.16489137709140778,
606,1.3783677387688854e-05,0.003295990451512071,,,
607,1.3648078973898998e-05,0.0029861207367503084,,,
608,1.3513045346155834e-05,0.0029831414074232314,,,
609,1.3378578602425745e-05,0.0030564255981257054,,,
610,1.3244680831867696e-05,0.0029871540093500655,8.552202224731445,0.1591770499944687,
611,1.3111354114800666e-05,0.0028606937156014497,,,
612,1.297860052267147e-05,0.0028423692153107063,,,
613,1.2846422118022406e-05,0.0029148887496419427,,,
614,1.2714820954459394e-05,0.0027049833865714305,,,
615,1.2583799076619895e-05,0.0029357375493591895,5.599057674407959,0.1701856553554535,
616,1.24533585201413e-05,0.003041329738542637,,,
617,1.2323501311629165e-05,0.0027499098252433,,,
618,1.2194229468625845e-05,0.0031962860756764365,,,
619,1.2065544999579043e-05,0.0030369778878160843,,,
620,1.193744990381071e-05,0.002835327807198545,5.642296314239502,0.16298814117908478,
621,1.1809946171485858e-05,0.002851915901244086,,,
622,1.1683035783581786e-05,0.0029636401675469685,,,
623,1.155672071185715e-05,0.002945363469951276,,,
624,1.1431002918821471e-05,0.0029252434978843667,,,
625,1.1305884357704522e-05,0.0030742872290180196,6.749835014343262,0.16708797216415405,
626,1.1181366972426083e-05,0.0027662261068360835,,,
627,1.1057452697565656e-05,0.002821303984785031,,,
628,1.0934143458332452e-05,0.0027799643404640456,,,
629,1.0811441170535496e-05,0.0027577788309177515,,,
630,1.0689347740553785e-05,0.0027963515499972607,7.934309959411621,0.16282491385936737,
631,1.056786506530681e-05,0.0026916715308159056,,,
632,1.0446995032224909e-05,0.0027818249176821803,,,
633,1.0326739519220091e-05,0.0025833153912182233,,,
634,1.0207100394656749e-05,0.002617809593565263,,,
635,1.0088079517322723e-05,0.002725544262960154,7.555966377258301,0.16394668817520142,
636,9.969678736400356e-06,0.0026660790704010565,,,
637,9.85189989143781e-06,0.0026505971969267455,,,
638,9.734744812320435e-06,0.002510851962142624,,,
639,9.618215319242369e-06,0.0023982324860948472,,,
640,9.5023132226783e-06,0.002757614184658797,5.7533278465271,0.16870072484016418,
641,9.387040323355229e-06,0.002682076547768832,,,
642,9.27239841222462e-06,0.0025692646928031798,,,
643,9.158389270434454e-06,0.0024529764781445486,,,
644,9.045014669301671e-06,0.002779538247739852,,,
645,8.932276370284537e-06,0.002702468290365124,5.219141483306885,0.1736947000026703,
646,8.820176124955386e-06,0.0024703032055792087,,,
647,8.7087156749733e-06,0.002505010761870792,,,
648,8.597896752057156e-06,0.002508793612789651,,,
649,8.487721077958616e-06,0.002680630733222989,,,
650,8.378190364435485e-06,0.0025279114810733256,6.428200721740723,0.17578771710395813,0.9434180637579397
651,8.269306313224995e-06,0.002430288673730545,,,
652,8.161070616017491e-06,0.0024086509781357434,,,
653,8.05348495443004e-06,0.002365371417822427,,,
654,7.94655099998039e-06,0.0022840235849019208,,,
655,7.840270414060924e-06,0.0025704891314879724,4.468669414520264,0.16968323290348053,
656,7.73464484791292e-06,0.0024362760675666366,,,
657,7.629675942600845e-06,0.002330747221137807,,,
658,7.525365328986856e-06,0.0024402731883345127,,,
659,7.421714627705523e-06,0.0022945066801704733,,,
660,7.318725449138569e-06,0.002331179953693035,5.9033355712890625,0.17952951788902283,
661,7.216399393389922e-06,0.0022913364576067708,,,
662,7.114738050260788e-06,0.0025044365005063205,,,
663,7.01374299922502e-06,0.0022735041680529582,,,
664,6.9134158094044995e-06,0.0022566343361090516,,,
665,6.813758039544854e-06,0.002329184440549441,6.449884414672852,0.18403959274291992,
666,6.71477123799113e-06,0.002252916551653817,,,
667,6.616456942663846e-06,0.002114544892676696,,,
668,6.518816681035e-06,0.0022004571798052417,,,
669,6.421851970104409e-06,0.0022703632341636833,,,
670,6.325564316376126e-06,0.0023055569342562065,4.186105728149414,0.1897900104522705,
671,6.229955215834982e-06,0.002492823732262921,,,
672,6.1350261539234345e-06,0.0021001640941124477,,,
673,6.040778605518377e-06,0.002254385481570526,,,
674,5.947214034908349e-06,0.002124206277152379,,,
675,5.854333895770675e-06,0.002136855804738367,5.393301963806152,0.19161807000637054,
676,5.762139631148961e-06,0.0018670789329570696,,,
677,5.670632673430598e-06,0.002311654337453157,,,
678,5.579814444324605e-06,0.0020180126030893354,,,
679,5.4896863548394295e-06,0.0020994863468028293,,,
680,5.4002498052611315e-06,0.002030623148519745,5.572084426879883,0.17473721504211426,
681,5.31150618513152e-06,0.002290871887020157,,,
682,5.2234568732266895e-06,0.0022031585067452397,,,
683,5.136103237535461e-06,0.002013258570860628,,,
684,5.049446635238253e-06,0.001922703345501629,,,
685,4.963488412685907e-06,0.0020381070732712813,5.084706783294678,0.1793004274368286,
686,4.878229905378817e-06,0.0019465850540048752,,,
687,4.793672437946156e-06,0.0020729560248063145,,,
688,4.709817324125321e-06,0.0019179137490850518,,,
689,4.6266658667414865e-06,0.0020042422552900723,,,
690,4.544219357687396e-06,0.0020972449450969827,4.848091125488281,0.18878181278705597,
691,4.462479077903281e-06,0.0021296522588402566,,,
692,4.3814462973569336e-06,0.002144481980351321,,,
693,4.301122275024039e-06,0.0020304378383679293,,,
694,4.221508258868528e-06,0.0019274993080346445,,,
695,4.14260548582327e-06,0.0019381468640252326,4.962451934814453,0.18603286147117615,
696,4.064415181770787e-06,0.0019275040022399654,,,
697,3.986938561524278e-06,0.002118873841806947,,,
698,3.9101768288086705e-06,0.001997462503433261,,,
699,3.8341311762419785e-06,0.002105379171553068,,,
700,3.758802785316734e-06,0.0018195838676460664,5.628283500671387,0.19631332159042358,0.9494575369648047
701,3.684192826381666e-06,0.0020356817762409002,,,
702,3.6103024586234656e-06,0.0020571587821385556,,,
703,3.5371328300488504e-06,0.0019586617199820466,,,
704,3.4646850774666394e-06,0.0017535440858323238,,,
705,3.3929603264701683e-06,0.0019854266124422707,3.972531795501709,0.1890484243631363,
706,3.321959691419779e-06,0.002015542360909638,,,
707,3.251684275425465e-06,0.0019076846487483376,,,
708,3.1821351703297917e-06,0.0018795511617402856,,,
709,3.1133134566908862e-06,0.0017411614207958337,,,
710,3.0452202037656917e-06,0.00190238441653145,4.471025466918945,0.2031480371952057,
711,2.9778564694933173e-06,0.0017243832951949333,,,
712,2.911223300478627e-06,0.0017428103637939785,,,
713,2.845321731975953e-06,0.0019359330996979094,,,
714,2.7801527878730526e-06,0.0018402948331814038,,,
715,2.715717480675145e-06,0.0021257011716703084,4.07996129989624,0.18826352059841156,
716,2.6520168114892385e-06,0.0016413036566865187,,,
717,2.5890517700085217e-06,0.0017743228998456505,,,
718,2.5268233344970417e-06,0.001845551351704801,,,
719,2.4653324717744508e-06,0.0018077297778897143,,,
720,2.4045801372010234e-06,0.00173733200218911,5.076747417449951,0.18102513253688812,
721,2.3445672746628177e-06,0.0018075529800885956,,,
722,2.2852948165569544e-06,0.0021081317162107943,,,
723,2.2267636837772223e-06,0.0018707576940263,,,
724,2.168974785699662e-06,0.0017261936578246864,,,
725,2.1119290201685514e-06,0.001760183199145277,3.605795383453369,0.1882738173007965,
726,2.0556272734823577e-06,0.0017618988758407621,,,
727,2.0000704203800234e-06,0.0019511965031034336,,,
728,1.945259324027365e-06,0.0017321699630147556,,,
729,1.8911948360036512e-06,0.0019832777581454833,,,
730,1.8378777962883787e-06,0.0017080406904867794,5.559846878051758,0.19123899936676025,
731,1.7853090332482335e-06,0.0016995740225822721,,,
732,1.7334893636241911e-06,0.0018277953895449173,,,
733,1.6824195925188747e-06,0.0018556044437684164,,,
734,1.6321005133839885e-06,0.0017459088944417004,,,
735,1.582532908008033e-06,0.0019853086987928863,4.246359825134277,0.18457338213920593,
736,1.5337175465041431e-06,0.0017258948540811183,,,
737,1.4856551872981295e-06,0.0018887810001615435,,,
738,1.4383465771166893e-06,0.0018134397948112262,,,
739,1.3917924509757929e-06,0.0017972441308388841,,,
740,1.345993532169304e-06,0.001781331961822053,3.8971924781799316,0.20038709044456482,
741,1.3009505322576831e-06,0.0016983265808708633,,,
742,1.256664151057002e-06,0.0015877221369356405,,,
743,1.2131350766279913e-06,0.0017269716783110717,,,
744,1.1703639852654326e-06,0.001764240585803886,,,
745,1.1283515414875879e-06,0.001675385458275698,4.608160972595215,0.19199267029762268,
746,1.0870983980259152e-06,0.0017064779335452755,,,
747,1.0466051958148814e-06,0.0016971344311535912,,,
748,1.0068725639820641e-06,0.00160248156091603,,,
749,9.679011198383382e-07,0.0016598649965003244,,,
750,9.296914688682768e-07,0.0018173789210864232,3.820612907409668,0.19562092423439026,0.9409357333046294
751,8.922442047207935e-07,0.0016931084627729086,,,
752,8.555599091998434e-07,0.0017690766043891753,,,
753,8.196391522554692e-07,0.0015778477195237343,,,
754,7.84482491974875e-07,0.001600012474141078,,,
755,7.500904745737947e-07,0.0017658890977881605,4.289323329925537,0.18770873546600342,
756,7.164636343879927e-07,0.001617424467916689,,,
757,6.83602493864971e-07,0.0016844377065094054,,,
758,6.515075635558365e-07,0.0018204651886272977,,,
759,6.201793421073798e-07,0.0017020527311182203,,,
760,5.896183162543312e-07,0.001721453839958745,3.743049383163452,0.1939549595117569,
761,5.598249608117834e-07,0.0015875775716267526,,,
762,5.307997386678365e-07,0.001737944605078415,,,
763,5.02543100776387e-07,0.001752918620955565,,,
764,4.750554861501222e-07,0.001705989744420679,,,
765,4.483373218537257e-07,0.0014588978454065952,3.991964340209961,0.21549057960510254,
766,4.2238902299720497e-07,0.001628030213223177,,,
767,3.972109927294576e-07,0.0016055777267042902,,,
768,3.7280362223202637e-07,0.001657856422146627,,,
769,3.4916729071298724e-07,0.0017093440224666015,,,
770,3.2630236540108774e-07,0.0016158424110645207,4.086061477661133,0.1986314356327057,
771,3.042092015400122e-07,0.0015266569685731415,,,
772,2.8288814238290886e-07,0.0017358764954613953,,,
773,2.6233951918699375e-07,0.001684424370718521,,,
774,2.425636512084606e-07,0.0017111877057773416,,,
775,2.2356084569749025e-07,0.0017164997065958146,3.5458836555480957,0.18890595436096191,
776,2.0533139789347678e-07,0.0017607569957146466,,,
777,1.8787559102046438e-07,0.001498668277279302,,,
778,1.711936962827121e-07,0.0015653817866959365,,,
779,1.552859728605194e-07,0.0017159506633539596,,,
780,1.401526679061571e-07,0.001720708464355474,3.470881938934326,0.21094365417957306,
781,1.2579401654007062e-07,0.0015272700946384464,,,
782,1.122102418471882e-07,0.0015876917667420848,,,
783,9.940155487347946e-08,0.0016452667462414996,,,
784,8.7368154622669e-08,0.0016881021517855558,,,
785,7.611022805314449e-08,0.0015452001799054588,3.478039026260376,0.20496810972690582,
786,6.562795007505895e-08,0.001597392389244522,,,
787,5.5921483547594075e-08,0.00162752889913723,,,
788,4.699097927645113e-08,0.0015958442654664395,,,
789,3.883657601149171e-08,0.0017561328414948158,,,
790,3.145840044460058e-08,0.0016675395821775531,4.100144386291504,0.19957099854946136,
791,2.4856567207703907e-08,0.0016233904513813155,,,
792,1.9031178870976273e-08,0.0015983065538984235,,,
793,1.3982325941286345e-08,0.0016461825076216233,,,
794,9.710086860742485e-09,0.001606619407539256,,,
795,6.214528005510367e-09,0.0015790973940013266,5.7921600341796875,0.20560979843139648,
796,3.495703684763818e-09,0.0014638327838405356,,,
797,1.5536561398521443e-09,0.0016840393008827786,,,
798,3.884155436284509e-10,0.001586400115792501,,,
799,0.0,0.0016976441755624755,,,
